{"cameraMode":{"drawMode":0,"name":"Shaded","section":"Shading Mode"},"sceneLighting":false,"audioPlay":false,"sceneViewState":{"showFog":false,"showMaterialUpdate":false,"showSkybox":false,"showFlares":false,"showImageEffects":false,"showParticleSystems":false},"in2DMode":false,"pivot":{"x":-0.3344729244709015,"y":17.67927360534668,"z":0.27271324396133425},"rotation":{"x":-0.052918676286935809,"y":0.7659327387809753,"z":-0.06357207894325257,"w":-0.6375780701637268},"size":0.3572319746017456,"orthographic":false}