{"cameraMode":{"drawMode":0,"name":"Shaded","section":"Shading Mode"},"sceneLighting":false,"audioPlay":false,"sceneViewState":{"showFog":false,"showMaterialUpdate":false,"showSkybox":false,"showFlares":false,"showImageEffects":false,"showParticleSystems":false},"in2DMode":false,"pivot":{"x":-0.9300000667572022,"y":18.312379837036134,"z":-1.665346384048462},"rotation":{"x":-0.16569474339485169,"y":-0.02129170298576355,"z":0.0035789350513368847,"w":-0.9859490990638733},"size":1.0703914165496827,"orthographic":false}